timestamps,TP9,AF7,AF8,TP10,Right AUX
1709216599.513,-9.277,-13.184,-24.902,-26.855,0.000
1709216599.517,-12.695,-17.090,-20.508,-27.344,0.000
1709216599.521,-13.672,-27.832,-32.715,-10.254,0.000
1709216599.525,-11.230,-25.391,-27.344,11.230,0.000
1709216599.529,-24.902,-28.809,-27.832,-12.695,0.000
1709216599.533,-34.180,-29.297,-37.109,-37.598,0.000
1709216599.537,-34.180,-25.391,-39.062,-27.832,0.000
1709216599.540,-25.879,-16.113,-24.414,-1.465,0.000
1709216599.544,-22.461,-12.695,-18.066,4.395,0.000
1709216599.548,-39.062,-23.926,-28.809,-18.066,0.000
1709216599.552,-39.551,-31.250,-31.738,-26.855,0.000
1709216599.556,-33.691,-28.320,-31.738,-25.391,0.000
1709216599.556,-33.691,-29.297,-27.832,-22.949,0.000
1709216599.560,-32.715,-31.738,-28.320,-11.719,0.000
1709216599.564,-29.785,-20.508,-18.066,-14.648,0.000
1709216599.568,-35.156,-18.555,-24.414,-39.551,0.000
1709216599.572,-42.969,-25.391,-32.227,-48.828,0.000
1709216599.576,-45.898,-36.621,-28.320,-29.785,0.000
1709216599.580,-44.434,-39.551,-33.203,-8.301,0.000
1709216599.584,-45.410,-29.297,-35.156,-19.531,0.000
1709216599.587,-41.504,-30.762,-29.785,-40.039,0.000
1709216599.591,-35.156,-36.133,-28.809,-42.969,0.000
1709216599.595,-31.250,-29.297,-27.832,-19.531,0.000
1709216599.599,-30.273,-19.043,-28.320,-4.395,0.000
1709216599.600,-42.969,-30.762,-36.133,-23.926,0.000
1709216599.604,-40.039,-34.180,-34.180,-40.527,0.000
1709216599.608,-34.668,-28.809,-34.180,-47.852,0.000
1709216599.612,-34.668,-33.203,-36.133,-36.133,0.000
1709216599.615,-31.738,-35.156,-32.715,-18.555,0.000
1709216599.619,-34.180,-31.250,-29.297,-16.602,0.000
1709216599.623,-34.668,-34.668,-29.297,-27.344,0.000
1709216599.627,-38.574,-40.527,-37.109,-41.504,0.000
1709216599.631,-30.762,-34.668,-42.969,-36.621,0.000
1709216599.635,-22.949,-28.809,-35.156,-15.137,0.000
1709216599.639,-27.344,-29.785,-28.320,-6.348,0.000
1709216599.643,-33.203,-25.391,-27.832,-21.484,0.000
1709216599.648,-29.785,-18.555,-26.367,-26.367,0.000
1709216599.652,-23.926,-23.438,-31.250,-18.555,0.000
1709216599.656,-29.297,-32.227,-37.109,-11.230,0.000
1709216599.660,-32.715,-22.949,-32.227,-8.789,0.000
1709216599.664,-35.156,-15.625,-28.320,-19.043,0.000
1709216599.667,-33.203,-20.996,-23.438,-27.344,0.000
1709216599.671,-21.484,-20.508,-17.090,-24.414,0.000
1709216599.675,-26.367,-18.066,-20.508,-18.066,0.000
1709216599.679,-33.691,-19.531,-23.438,-16.113,0.000
1709216599.683,-32.715,-16.113,-24.414,-17.578,0.000
1709216599.687,-35.156,-14.648,-32.715,-38.086,0.000
1709216599.691,-32.715,-16.602,-31.738,-41.992,0.000
1709216599.695,-25.391,-16.602,-26.367,-19.531,0.000
1709216599.699,-20.020,-18.066,-26.855,-6.348,0.000
1709216599.703,-26.855,-23.438,-23.438,-16.602,0.000
1709216599.707,-36.133,-32.227,-26.855,-35.645,0.000
1709216599.711,-37.109,-29.297,-26.855,-38.086,0.000
1709216599.714,-41.504,-21.484,-22.461,-21.973,0.000
1709216599.718,-42.480,-23.438,-30.762,-13.672,0.000
1709216599.722,-38.574,-12.695,-29.785,-17.578,0.000
1709216599.726,-45.410,-21.973,-25.879,-25.879,0.000
1709216599.730,-41.992,-36.621,-21.484,-28.809,0.000
1709216599.734,-32.227,-22.949,-19.043,-15.137,0.000
1709216599.738,-32.227,-25.879,-28.320,-4.395,0.000
1709216599.741,-37.109,-38.574,-23.926,-5.859,0.000
1709216599.745,-47.363,-36.621,-18.066,-30.762,0.000
1709216599.749,-42.969,-23.926,-23.438,-42.969,0.000
1709216599.753,-41.504,-23.438,-25.391,-25.391,0.000
1709216599.757,-44.434,-30.273,-21.973,-12.695,0.000
1709216599.761,-41.992,-25.391,-18.066,-11.719,0.000
1709216599.765,-47.852,-21.973,-22.461,-37.109,0.000
1709216599.769,-51.758,-26.855,-30.762,-51.758,0.000
1709216599.773,-53.711,-25.879,-34.668,-28.809,0.000
1709216599.777,-51.758,-16.602,-31.738,-13.672,0.000
1709216599.781,-50.293,-22.949,-30.762,-25.391,0.000
1709216599.784,-47.363,-25.879,-28.809,-37.598,0.000
1709216599.788,-42.480,-16.113,-25.391,-36.621,0.000
1709216599.792,-43.945,-24.902,-32.715,-29.785,0.000
1709216599.795,-41.504,-29.297,-30.273,-13.184,0.000
1709216599.799,-41.016,-22.461,-27.832,-9.766,0.000
1709216599.803,-43.457,-26.367,-27.344,-26.367,0.000
1709216599.807,-47.852,-34.180,-27.344,-36.133,0.000
1709216599.811,-41.992,-29.297,-20.020,-22.949,0.000
1709216599.815,-42.480,-28.809,-18.066,-7.812,0.000
1709216599.819,-55.664,-34.180,-30.762,-12.695,0.000
1709216599.823,-59.570,-33.691,-33.691,-38.086,0.000
1709216599.827,-63.477,-37.598,-27.344,-54.199,0.000
1709216599.831,-59.082,-41.992,-18.555,-41.504,0.000
1709216599.838,-58.105,-36.133,-23.438,-20.996,0.000
1709216599.841,-62.500,-29.785,-29.297,-21.484,0.000
1709216599.845,-56.152,-30.273,-23.926,-33.691,0.000
1709216599.849,-49.805,-26.855,-16.113,-46.387,0.000
1709216599.853,-56.641,-25.879,-21.973,-49.316,0.000
1709216599.857,-53.711,-44.434,-29.785,-35.645,0.000
1709216599.861,-47.363,-50.781,-28.320,-18.555,0.000
1709216599.865,-52.246,-38.086,-26.367,-13.672,0.000
1709216599.869,-50.781,-28.809,-27.832,-38.574,0.000
1709216599.873,-37.109,-27.832,-24.902,-39.551,0.000
1709216599.877,-24.902,-28.809,-24.902,-4.395,0.000
1709216599.880,-26.367,-25.879,-23.926,10.742,0.000
1709216599.882,-26.367,-24.902,-23.438,-3.418,0.000
1709216599.886,-24.902,-32.227,-25.391,-20.020,0.000
1709216599.890,-27.344,-33.691,-24.902,-21.973,0.000
1709216599.894,-24.902,-34.180,-23.438,-3.418,0.000
1709216599.898,-20.020,-31.250,-22.949,13.672,0.000
1709216599.902,-19.531,-30.273,-30.273,0.977,0.000
1709216599.906,-19.531,-27.832,-34.180,-20.508,0.000
1709216599.910,-18.555,-15.625,-31.738,-20.508,0.000
1709216599.913,-32.227,-22.949,-39.062,-14.648,0.000
1709216599.917,-31.738,-22.949,-37.109,-9.277,0.000
1709216599.921,-29.785,-13.672,-28.320,-4.883,0.000
1709216599.925,-38.574,-15.137,-30.762,-21.973,0.000
1709216599.927,-38.574,-19.043,-37.109,-49.316,0.000
1709216599.931,-30.762,-25.391,-38.574,-41.016,0.000
1709216599.935,-25.391,-21.973,-32.715,-19.531,0.000
1709216599.939,-26.367,-8.789,-28.809,-17.090,0.000
1709216599.943,-36.621,-19.043,-36.621,-41.992,0.000
1709216599.947,-39.062,-25.391,-35.645,-54.199,0.000
1709216599.950,-34.180,-15.625,-31.738,-32.715,0.000
1709216599.954,-40.039,-13.672,-32.715,-19.043,0.000
1709216599.958,-44.922,-20.508,-39.062,-17.578,0.000
1709216599.962,-46.387,-15.625,-40.527,-29.785,0.000
1709216599.966,-46.875,-14.648,-40.527,-45.898,0.000
1709216599.970,-33.691,-17.578,-39.062,-35.645,0.000
1709216599.976,-28.809,-12.207,-32.715,-16.113,0.000
1709216599.980,-33.203,-24.414,-34.668,-17.090,0.000
1709216599.984,-31.250,-25.879,-32.227,-29.785,0.000
1709216599.987,-36.133,-22.461,-34.180,-39.062,0.000
1709216599.991,-34.668,-25.391,-36.621,-26.855,0.000
1709216599.995,-23.926,-25.391,-36.133,-4.883,0.000
1709216599.999,-18.555,-30.762,-35.156,6.348,0.000
1709216600.003,-23.926,-22.949,-33.691,-6.836,0.000
1709216600.007,-27.344,-16.113,-32.227,-24.414,0.000
1709216600.011,-20.508,-19.531,-25.391,-12.695,0.000
1709216600.015,-17.090,-16.113,-21.484,0.977,0.000
1709216600.019,-29.785,-28.320,-37.598,-13.672,0.000
1709216600.023,-34.668,-38.086,-38.086,-27.832,0.000
1709216600.027,-27.832,-33.691,-28.320,-30.762,0.000
1709216600.031,-27.344,-28.320,-28.809,-32.715,0.000
1709216600.035,-30.762,-27.832,-39.062,-28.320,0.000
1709216600.039,-27.344,-29.785,-38.574,-8.789,0.000
1709216600.043,-27.344,-23.438,-29.297,-8.789,0.000
1709216600.047,-23.438,-17.578,-26.367,-32.715,0.000
1709216600.051,-25.391,-28.320,-37.109,-42.480,0.000
1709216600.055,-22.949,-39.551,-41.992,-17.090,0.000
1709216600.058,-30.273,-48.828,-30.273,-1.953,0.000
1709216600.062,-46.875,-48.828,-25.391,-22.949,0.000
1709216600.066,-43.945,-40.039,-17.090,-31.250,0.000
1709216600.070,-33.691,-39.062,-12.207,-27.832,0.000
1709216600.074,-37.109,-46.387,-16.602,-12.695,0.000
1709216600.078,-42.480,-47.363,-13.672,11.230,0.000
1709216600.082,-40.039,-50.293,-12.207,14.648,0.000
1709216600.086,-44.434,-65.918,-17.578,-14.648,0.000
1709216600.090,-41.992,-72.266,-19.043,-24.902,0.000
1709216600.094,-33.203,-72.754,-16.602,1.953,0.000
1709216600.098,-36.133,-82.031,-16.113,18.066,0.000
1709216600.101,-34.180,-88.379,-16.602,20.996,0.000
1709216600.105,-35.645,-89.844,-20.996,11.230,0.000
1709216600.109,-23.926,-84.473,-12.695,16.113,0.000
1709216600.113,-19.043,-85.449,-6.348,25.391,0.000
1709216600.117,-21.973,-93.262,-13.672,32.227,0.000
1709216600.121,-13.672,-95.215,-19.531,36.133,0.000
1709216600.125,-16.113,-97.656,-19.531,14.648,0.000
1709216600.128,-13.672,-102.539,-11.230,11.719,0.000
1709216600.132,-3.418,-108.398,-8.789,29.297,0.000
1709216600.136,1.953,-108.398,-8.301,42.969,0.000
1709216600.140,0.488,-99.121,-2.441,48.340,0.000
1709216600.144,-6.348,-101.562,-2.441,38.574,0.000
1709216600.148,-3.906,-109.863,-3.906,38.086,0.000
1709216600.152,-5.371,-112.793,-5.859,34.668,0.000
1709216600.156,-3.906,-112.793,-2.441,44.922,0.000
1709216600.160,-1.953,-113.281,0.488,49.316,0.000
1709216600.163,-4.883,-110.840,1.465,33.691,0.000
1709216600.167,-2.930,-104.004,7.324,23.438,0.000
1709216600.171,6.836,-104.980,8.789,34.668,0.000
1709216600.175,-3.418,-123.047,4.395,48.340,0.000
1709216600.179,-18.066,-136.719,4.395,38.574,0.000
1709216600.182,-17.090,-133.301,5.371,28.809,0.000
1709216600.186,-8.789,-121.582,14.648,24.414,0.000
1709216600.190,3.418,-118.164,23.438,23.926,0.000
1709216600.194,11.719,-112.793,17.578,49.805,0.000
1709216600.198,16.602,-104.492,15.625,60.059,0.000
1709216600.202,12.695,-96.680,22.949,38.086,0.000
1709216600.206,-2.930,-97.656,13.184,14.160,0.000
1709216600.209,0.488,-93.262,10.254,20.508,0.000
1709216600.213,5.859,-87.891,16.602,41.016,0.000
1709216600.216,2.930,-92.773,9.766,48.828,0.000
1709216600.220,-7.324,-95.215,1.465,31.738,0.000
1709216600.224,-15.137,-88.867,3.418,15.137,0.000
1709216600.228,-5.371,-82.520,2.930,7.324,0.000
1709216600.232,2.441,-83.008,-5.371,14.160,0.000
1709216600.236,0.488,-86.914,-6.836,38.086,0.000
1709216600.240,-2.930,-78.125,-0.488,32.715,0.000
1709216600.244,-12.207,-72.754,-7.324,2.930,0.000
1709216600.248,-16.602,-70.801,-10.254,-3.418,0.000
1709216600.252,-14.160,-65.430,-6.348,14.160,0.000
1709216600.254,-17.578,-68.359,-8.301,19.043,0.000
1709216600.258,-22.949,-64.453,-10.254,8.301,0.000
1709216600.262,-20.996,-60.059,-14.160,-4.883,0.000
1709216600.266,-20.996,-61.035,-18.555,-9.766,0.000
1709216600.270,-25.391,-56.641,-14.648,0.977,0.000
1709216600.274,-20.020,-52.734,-6.348,16.602,0.000
1709216600.278,-16.602,-51.270,-9.766,21.484,0.000
1709216600.281,-26.855,-50.781,-22.461,0.977,0.000
1709216600.285,-20.020,-49.316,-25.879,-23.926,0.000
1709216600.289,-8.789,-43.945,-20.020,-9.277,0.000
1709216600.293,-12.207,-45.898,-15.625,7.812,0.000
1709216600.297,-13.184,-44.922,-16.602,5.371,0.000
1709216600.300,-18.066,-42.969,-20.996,-11.719,0.000
1709216600.304,-15.137,-43.457,-20.020,-19.531,0.000
1709216600.308,-4.395,-45.898,-18.066,-7.324,0.000
1709216600.312,-10.254,-49.316,-13.672,12.207,0.000
1709216600.315,-21.973,-52.734,-14.648,15.137,0.000
1709216600.319,-22.949,-47.363,-14.160,0.977,0.000
1709216600.323,-35.645,-49.316,-17.090,-12.207,0.000
1709216600.327,-46.387,-51.270,-23.438,-21.484,0.000
1709216600.331,-42.969,-44.434,-25.391,-9.277,0.000
1709216600.335,-41.504,-45.410,-21.484,0.977,0.000
1709216600.339,-37.598,-43.457,-25.391,-10.742,0.000
1709216600.343,-39.551,-41.504,-23.926,-26.855,0.000
1709216600.345,-41.504,-41.016,-18.066,-30.762,0.000
1709216600.349,-37.598,-40.527,-19.531,-14.160,0.000
1709216600.353,-37.109,-41.504,-21.484,-8.301,0.000
1709216600.357,-44.922,-43.945,-28.320,-24.902,0.000
1709216600.361,-38.086,-38.086,-27.832,-36.621,0.000
1709216600.365,-27.344,-37.109,-23.438,-24.414,0.000
1709216600.368,-36.133,-42.480,-26.367,-15.625,0.000
1709216600.372,-32.227,-33.691,-21.973,-9.277,0.000
1709216600.376,-32.227,-32.715,-21.484,-15.137,0.000
1709216600.380,-34.668,-41.992,-28.809,-28.320,0.000
1709216600.384,-28.320,-40.527,-30.273,-33.691,0.000
1709216600.388,-29.785,-39.551,-30.273,-28.809,0.000
1709216600.398,-30.762,-40.527,-29.297,-20.020,0.000
1709216600.402,-28.809,-38.574,-26.855,-25.391,0.000
1709216600.406,-36.621,-37.598,-24.902,-42.969,0.000
1709216600.410,-42.969,-39.551,-31.250,-57.129,0.000
1709216600.414,-25.879,-39.551,-35.156,-43.457,0.000
1709216600.418,-19.043,-31.738,-31.250,-15.137,0.000
1709216600.422,-26.855,-26.855,-29.297,-14.160,0.000
1709216600.426,-29.785,-28.809,-29.785,-33.203,0.000
1709216600.429,-34.180,-29.297,-27.344,-31.250,0.000
1709216600.433,-42.480,-35.645,-36.621,-18.555,0.000
1709216600.437,-47.852,-34.180,-46.875,-22.949,0.000
1709216600.441,-47.852,-35.156,-40.527,-28.320,0.000
1709216600.445,-43.457,-41.992,-32.227,-35.156,0.000
1709216600.449,-36.621,-33.203,-25.879,-50.293,0.000
1709216600.453,-34.668,-29.297,-27.344,-49.316,0.000
1709216600.457,-34.668,-32.715,-29.297,-24.902,0.000
1709216600.461,-32.715,-31.738,-23.438,-12.695,0.000
1709216600.465,-31.738,-32.715,-25.879,-25.391,0.000
1709216600.469,-33.691,-30.762,-31.250,-44.434,0.000
1709216600.473,-25.879,-32.227,-27.832,-31.738,0.000
1709216600.477,-17.578,-34.180,-24.414,-2.930,0.000
1709216600.480,-19.043,-27.344,-24.902,-10.254,0.000
1709216600.484,-19.043,-29.785,-26.855,-27.832,0.000
1709216600.488,-19.531,-31.250,-23.926,-28.809,0.000
1709216600.492,-17.578,-32.227,-22.461,-10.742,0.000
1709216600.496,-13.184,-26.855,-19.531,2.441,0.000
1709216600.500,-13.672,-27.832,-19.531,-4.883,0.000
1709216600.504,-24.902,-35.156,-26.367,-14.648,0.000
1709216600.507,-35.645,-35.156,-29.297,-27.832,0.000
1709216600.511,-29.297,-37.109,-25.879,-34.668,0.000
1709216600.515,-20.020,-38.086,-23.438,-23.926,0.000
1709216600.519,-17.578,-38.574,-26.367,-12.695,0.000
1709216600.523,-18.066,-37.109,-27.344,-11.230,0.000
1709216600.527,-30.273,-30.273,-22.461,-35.645,0.000
1709216600.531,-28.320,-30.762,-15.137,-42.480,0.000
1709216600.535,-21.484,-38.574,-18.555,-15.625,0.000
1709216600.542,-20.508,-42.480,-23.926,-1.953,0.000
1709216600.546,-20.020,-39.062,-19.531,-10.742,0.000
1709216600.550,-19.043,-40.039,-14.648,-21.484,0.000
1709216600.554,-17.090,-41.504,-17.578,-23.438,0.000
1709216600.557,-20.020,-43.457,-20.020,-9.277,0.000
1709216600.561,-22.949,-44.922,-27.344,-7.812,0.000
1709216600.565,-20.508,-36.621,-17.578,-14.648,0.000
1709216600.569,-21.973,-32.227,-5.859,-23.926,0.000
1709216600.573,-32.227,-49.805,-24.414,-42.969,0.000
1709216600.577,-28.320,-47.852,-27.344,-30.762,0.000
1709216600.581,-26.855,-37.598,-18.555,-5.371,0.000
1709216600.585,-32.227,-45.898,-25.391,-12.695,0.000
1709216600.587,-27.344,-44.922,-28.809,-31.738,0.000
1709216600.590,-19.531,-32.715,-26.367,-39.551,0.000
1709216600.594,-15.137,-30.762,-23.438,-24.902,0.000
1709216600.598,-17.578,-35.645,-22.949,-7.324,0.000
1709216600.602,-22.949,-37.598,-25.391,-5.371,0.000
1709216600.606,-21.973,-36.133,-32.227,-17.090,0.000
1709216600.610,-22.461,-37.598,-28.809,-24.902,0.000
1709216600.614,-16.602,-33.203,-20.020,-3.418,0.000
1709216600.618,-20.020,-34.180,-28.809,3.418,0.000
1709216600.622,-29.297,-41.992,-30.762,-4.883,0.000
1709216600.626,-34.180,-42.969,-25.391,-16.113,0.000
1709216600.630,-34.180,-41.504,-23.926,-17.090,0.000
1709216600.631,-30.762,-41.016,-28.320,-18.066,0.000
1709216600.635,-34.668,-39.551,-27.344,-12.695,0.000
1709216600.639,-41.504,-42.480,-26.855,-15.137,0.000
1709216600.643,-42.969,-38.086,-30.273,-32.715,0.000
1709216600.647,-42.969,-38.574,-31.250,-49.805,0.000
1709216600.651,-46.387,-45.898,-33.203,-43.945,0.000
1709216600.655,-39.551,-41.992,-27.344,-21.484,0.000
1709216600.659,-34.180,-35.156,-22.461,-14.160,0.000
1709216600.663,-33.203,-28.809,-23.926,-33.203,0.000
1709216600.667,-40.039,-31.250,-31.250,-56.641,0.000
1709216600.671,-38.086,-34.180,-36.621,-50.293,0.000
1709216600.674,-25.391,-27.832,-32.715,-33.691,0.000
1709216600.677,-23.438,-24.414,-27.344,-31.738,0.000
1709216600.680,-28.809,-28.809,-30.762,-51.270,0.000
1709216600.684,-33.203,-34.668,-36.133,-72.754,0.000
1709216600.688,-29.297,-31.738,-37.598,-73.242,0.000
1709216600.692,-22.461,-24.414,-32.227,-53.223,0.000
1709216600.696,-20.508,-21.973,-24.902,-35.156,0.000
1709216600.700,-29.297,-27.832,-25.879,-32.715,0.000
1709216600.704,-38.574,-29.785,-41.016,-52.734,0.000
1709216600.708,-30.273,-18.555,-41.504,-55.176,0.000
1709216600.712,-20.996,-16.113,-27.832,-26.367,0.000
1709216600.716,-29.785,-30.762,-34.668,-19.043,0.000
1709216600.719,-26.855,-36.621,-38.574,-29.297,0.000
1709216600.721,-20.508,-38.086,-35.645,-41.016,0.000
1709216600.725,-23.926,-36.133,-33.203,-42.969,0.000
1709216600.729,-31.250,-29.785,-32.227,-26.855,0.000
1709216600.733,-30.273,-21.484,-31.250,-3.906,0.000
1709216600.737,-26.855,-19.043,-33.203,-14.160,0.000
1709216600.741,-30.762,-23.438,-32.227,-32.227,0.000
1709216600.745,-29.785,-20.508,-30.762,-34.180,0.000
1709216600.749,-23.438,-14.648,-26.855,-26.855,0.000
1709216600.753,-27.832,-19.043,-26.855,-9.277,0.000
1709216600.757,-34.180,-24.414,-30.273,-3.418,0.000
1709216600.761,-32.715,-18.555,-21.484,-21.973,0.000
1709216600.764,-37.598,-21.973,-22.461,-39.062,0.000
1709216600.770,-37.598,-33.203,-20.508,-30.273,0.000
1709216600.774,-35.645,-25.879,-20.508,-12.207,0.000
1709216600.778,-35.645,-18.066,-28.809,-14.648,0.000
1709216600.782,-39.062,-26.367,-32.715,-36.621,0.000
1709216600.786,-38.574,-30.273,-26.855,-41.992,0.000
1709216600.790,-29.297,-33.203,-24.902,-25.879,0.000
1709216600.794,-31.250,-33.203,-33.203,-12.207,0.000
1709216600.798,-35.645,-25.879,-31.250,-12.207,0.000
1709216600.801,-30.762,-25.879,-25.391,-20.508,0.000
1709216600.805,-24.414,-25.391,-20.996,-16.602,0.000
1709216600.809,-13.672,-15.625,-17.090,-14.160,0.000
1709216600.813,-19.043,-20.020,-18.066,-8.789,0.000
1709216600.818,-26.367,-24.902,-18.555,-9.277,0.000
1709216600.822,-22.461,-26.855,-19.043,-19.043,0.000
1709216600.826,-25.879,-29.785,-20.996,-30.273,0.000
1709216600.830,-29.297,-28.320,-17.578,-26.367,0.000
1709216600.834,-32.227,-40.039,-27.344,-16.602,0.000
1709216600.837,-31.738,-40.039,-29.785,-9.766,0.000
1709216600.841,-37.109,-27.832,-27.832,-22.461,0.000
1709216600.845,-38.086,-25.391,-27.344,-41.504,0.000
1709216600.849,-25.391,-31.250,-21.973,-32.227,0.000
1709216600.853,-21.484,-30.273,-29.297,-15.137,0.000
1709216600.857,-22.949,-22.949,-30.273,-1.953,0.000
1709216600.861,-18.555,-20.996,-18.555,2.441,0.000
1709216600.865,-22.461,-23.926,-19.043,-20.020,0.000
1709216600.869,-30.762,-34.668,-29.785,-40.039,0.000
1709216600.873,-22.949,-34.668,-26.855,-17.578,0.000
1709216600.877,-16.113,-29.785,-15.137,12.207,0.000
1709216600.881,-17.578,-32.715,-13.672,1.953,0.000
1709216600.885,-19.531,-36.133,-18.555,-21.484,0.000
1709216600.889,-25.879,-38.574,-19.531,-26.367,0.000
1709216600.892,-28.320,-36.133,-21.973,-15.137,0.000
1709216600.896,-29.785,-30.273,-23.926,1.953,0.000
1709216600.900,-39.062,-27.832,-33.203,-14.160,0.000
1709216600.904,-43.457,-26.367,-36.133,-38.574,0.000
1709216600.908,-36.133,-22.461,-23.438,-35.156,0.000
1709216600.912,-32.715,-17.090,-13.672,-15.625,0.000
1709216600.916,-38.574,-19.531,-22.949,-15.625,0.000
1709216600.919,-41.992,-24.414,-27.832,-29.297,0.000
1709216600.923,-45.898,-27.344,-31.738,-44.922,0.000
1709216600.927,-43.457,-22.461,-28.809,-48.828,0.000
1709216600.931,-36.133,-24.414,-23.438,-37.598,0.000
1709216600.935,-34.668,-26.855,-26.367,-28.320,0.000
1709216600.939,-35.156,-26.855,-27.832,-29.297,0.000
1709216600.943,-41.016,-24.414,-31.250,-38.086,0.000
1709216600.947,-46.875,-18.555,-36.133,-45.410,0.000
1709216600.951,-45.898,-19.043,-28.320,-30.762,0.000
1709216600.955,-42.969,-24.414,-26.367,-10.254,0.000
1709216600.958,-44.922,-26.855,-36.133,-14.160,0.000
1709216600.962,-38.574,-28.320,-34.668,-23.438,0.000
1709216600.966,-29.297,-17.090,-21.973,-22.949,0.000
1709216600.970,-40.527,-22.461,-30.273,-25.391,0.000
1709216600.973,-46.387,-38.574,-39.551,-17.090,0.000
1709216600.977,-49.316,-40.527,-37.109,-10.742,0.000
1709216600.981,-42.480,-33.691,-29.785,-14.160,0.000
1709216600.985,-31.250,-33.691,-23.926,-16.602,0.000
1709216600.989,-29.785,-28.320,-26.855,-20.508,0.000
1709216600.993,-21.484,-28.320,-28.320,-15.137,0.000
1709216600.997,-19.531,-35.645,-29.297,-7.812,0.000
1709216601.001,-21.484,-33.691,-28.320,-13.672,0.000
1709216601.004,-26.855,-34.668,-27.832,-31.250,0.000
1709216601.008,-31.738,-37.109,-31.250,-40.039,0.000
1709216601.011,-30.273,-38.574,-25.879,-22.949,0.000
1709216601.015,-33.691,-41.992,-25.391,-15.625,0.000
1709216601.019,-39.551,-42.480,-26.367,-22.949,0.000
1709216601.023,-40.039,-37.598,-21.484,-33.203,0.000
1709216601.027,-41.992,-36.133,-19.043,-35.645,0.000
1709216601.031,-39.062,-39.551,-30.273,-16.113,0.000
1709216601.035,-33.203,-35.645,-37.109,-13.672,0.000
1709216601.039,-36.133,-42.480,-29.297,-23.926,0.000
1709216601.043,-40.527,-47.852,-23.926,-31.738,0.000
1709216601.047,-41.992,-42.480,-23.926,-36.621,0.000
1709216601.057,-42.969,-43.945,-25.391,-41.016,0.000
1709216601.061,-35.645,-40.527,-24.902,-30.762,0.000
1709216601.065,-30.762,-35.645,-22.949,-27.832,0.000
1709216601.069,-36.621,-37.109,-27.832,-53.223,0.000
1709216601.073,-39.062,-33.691,-34.180,-58.594,0.000
1709216601.077,-29.785,-32.715,-35.645,-28.320,0.000
1709216601.081,-23.926,-38.574,-31.738,1.465,0.000
1709216601.084,-17.578,-34.180,-28.320,-4.395,0.000
1709216601.088,-20.996,-34.180,-34.668,-34.668,0.000
1709216601.092,-28.320,-39.062,-38.086,-48.828,0.000
1709216601.096,-24.902,-34.180,-36.133,-29.785,0.000
1709216601.100,-23.438,-34.180,-33.203,-8.301,0.000
1709216601.104,-28.320,-32.715,-28.809,-11.719,0.000
1709216601.108,-33.203,-29.785,-29.297,-38.574,0.000
1709216601.112,-33.203,-30.762,-33.203,-56.152,0.000
1709216601.116,-29.297,-29.297,-30.762,-43.457,0.000
1709216601.120,-19.531,-29.785,-31.250,-23.926,0.000
1709216601.124,-21.484,-35.156,-34.180,-20.020,0.000
1709216601.128,-39.551,-34.668,-33.203,-40.039,0.000
1709216601.132,-50.293,-32.227,-29.297,-65.430,0.000
1709216601.136,-37.109,-24.414,-19.043,-40.039,0.000
1709216601.140,-41.016,-27.832,-28.320,-14.648,0.000
1709216601.143,-53.223,-34.180,-41.992,-23.926,0.000
1709216601.147,-62.012,-31.738,-36.621,-43.945,0.000
1709216601.151,-59.082,-31.250,-32.227,-53.711,0.000
1709216601.155,-45.410,-34.180,-26.855,-28.320,0.000
1709216601.159,-41.016,-31.250,-23.438,-7.812,0.000
1709216601.163,-36.133,-26.367,-26.855,-15.625,0.000
1709216601.167,-44.434,-30.273,-29.785,-30.762,0.000
1709216601.171,-45.898,-31.250,-25.391,-44.922,0.000
1709216601.175,-35.645,-32.227,-24.902,-42.969,0.000
1709216601.178,-41.016,-36.621,-35.645,-32.715,0.000
1709216601.182,-41.992,-32.715,-30.273,-21.484,0.000
1709216601.186,-40.039,-27.832,-20.020,-16.602,0.000
1709216601.190,-47.363,-28.809,-28.320,-42.480,0.000
1709216601.194,-41.016,-28.809,-28.320,-45.898,0.000
1709216601.201,-30.273,-24.414,-24.902,-19.043,0.000
1709216601.205,-27.344,-22.949,-28.320,-17.090,0.000
1709216601.209,-28.320,-20.996,-27.832,-30.273,0.000
1709216601.213,-26.367,-20.020,-25.391,-44.922,0.000
1709216601.217,-20.508,-24.414,-24.902,-46.387,0.000
1709216601.221,-22.461,-26.367,-28.320,-27.832,0.000
1709216601.225,-28.320,-22.949,-33.203,-17.090,0.000
1709216601.229,-40.039,-24.902,-34.668,-28.809,0.000
1709216601.233,-36.621,-25.391,-29.785,-34.180,0.000
1709216601.236,-31.250,-21.973,-30.273,-27.832,0.000
1709216601.240,-29.297,-19.043,-26.367,-15.625,0.000
1709216601.244,-30.273,-26.367,-30.273,-9.766,0.000
1709216601.246,-36.621,-36.621,-34.180,-13.184,0.000
1709216601.250,-36.133,-31.738,-30.762,-27.832,0.000
1709216601.254,-43.457,-29.785,-39.551,-53.223,0.000
1709216601.258,-40.039,-23.926,-39.062,-42.480,0.000
1709216601.262,-40.527,-18.066,-29.785,-15.137,0.000
1709216601.266,-42.480,-27.344,-29.785,-18.066,0.000
1709216601.270,-34.180,-35.645,-32.715,-33.203,0.000
1709216601.274,-34.668,-35.645,-31.738,-41.992,0.000
1709216601.278,-32.715,-34.180,-32.715,-35.645,0.000
1709216601.281,-26.855,-28.320,-31.738,-16.602,0.000
1709216601.285,-30.273,-23.926,-24.902,-11.230,0.000
1709216601.289,-28.320,-22.461,-24.902,-18.555,0.000
1709216601.291,-23.926,-31.250,-31.738,-25.391,0.000
1709216601.295,-24.414,-31.738,-31.250,-38.086,0.000
1709216601.299,-21.973,-28.320,-27.344,-28.320,0.000
1709216601.303,-18.555,-26.367,-28.320,-18.555,0.000
1709216601.307,-24.902,-26.855,-31.250,-37.109,0.000
1709216601.311,-35.645,-32.227,-31.250,-47.852,0.000
1709216601.315,-28.809,-29.785,-30.762,-38.574,0.000
1709216601.319,-27.344,-29.297,-31.250,-18.555,0.000
1709216601.323,-38.086,-37.598,-28.809,-6.348,0.000
1709216601.327,-39.062,-36.621,-28.809,-24.902,0.000
1709216601.330,-35.645,-32.715,-38.574,-43.945,0.000
1709216601.334,-31.250,-30.762,-36.621,-40.527,0.000
1709216601.336,-33.691,-30.273,-27.832,-23.926,0.000
1709216601.340,-38.086,-31.738,-25.879,-13.672,0.000
1709216601.344,-34.180,-22.949,-25.879,-17.090,0.000
1709216601.348,-38.574,-20.996,-29.785,-38.574,0.000
1709216601.352,-34.668,-25.879,-31.250,-38.086,0.000
1709216601.356,-31.738,-25.391,-26.855,-14.160,0.000
1709216601.360,-39.062,-23.926,-31.738,-0.488,0.000
1709216601.364,-38.574,-27.344,-34.668,0.000,0.000
1709216601.368,-38.574,-24.902,-33.203,-25.391,0.000
1709216601.372,-34.180,-20.508,-29.297,-34.668,0.000
1709216601.375,-31.250,-20.996,-29.785,-23.926,0.000
1709216601.379,-40.039,-26.855,-33.691,-14.160,0.000
1709216601.381,-44.922,-29.297,-32.227,-14.648,0.000
1709216601.385,-44.434,-26.367,-29.297,-27.344,0.000
1709216601.389,-36.621,-17.090,-20.996,-23.438,0.000
1709216601.393,-23.438,-10.742,-16.113,0.977,0.000
1709216601.397,-30.273,-21.973,-23.438,9.766,0.000
1709216601.401,-42.480,-30.762,-26.367,-6.348,0.000
1709216601.405,-40.039,-34.668,-27.832,-24.902,0.000
1709216601.409,-38.086,-32.715,-30.762,-29.297,0.000
1709216601.413,-34.180,-29.297,-29.785,-19.531,0.000
1709216601.416,-32.227,-33.691,-32.227,-9.277,0.000
1709216601.420,-37.109,-31.250,-30.273,-0.977,0.000
1709216601.424,-38.574,-29.785,-21.973,-15.625,0.000
1709216601.426,-31.738,-29.297,-22.461,-32.715,0.000
1709216601.430,-24.414,-30.762,-32.715,-17.090,0.000
1709216601.434,-27.832,-36.133,-36.133,-7.324,0.000
1709216601.438,-27.344,-35.156,-32.715,-15.137,0.000
1709216601.442,-29.785,-35.156,-33.203,-37.109,0.000
1709216601.446,-28.809,-37.598,-33.203,-46.875,0.000
1709216601.450,-26.855,-38.574,-31.250,-28.320,0.000
1709216601.454,-35.156,-35.645,-37.109,-26.367,0.000
1709216601.457,-35.645,-36.133,-33.203,-25.879,0.000
1709216601.461,-36.621,-38.574,-32.715,-32.715,0.000
1709216601.465,-30.762,-29.785,-37.109,-41.504,0.000
1709216601.469,-22.949,-27.344,-40.039,-40.527,0.000
1709216601.471,-21.973,-31.250,-41.016,-31.250,0.000
1709216601.475,-24.414,-30.273,-35.645,-17.090,0.000
1709216601.479,-19.043,-20.508,-34.668,-16.113,0.000
1709216601.483,-15.137,-20.020,-33.691,-32.227,0.000
1709216601.487,-18.066,-26.367,-29.297,-35.156,0.000
1709216601.491,-26.855,-31.250,-38.086,-20.508,0.000
1709216601.495,-30.273,-32.715,-42.480,-10.742,0.000
1709216601.498,-22.949,-21.484,-28.809,-15.625,0.000
1709216601.502,-30.762,-19.043,-28.320,-34.180,0.000
1709216601.506,-40.039,-31.738,-32.715,-37.109,0.000
1709216601.510,-38.086,-32.715,-34.668,-28.320,0.000
1709216601.514,-40.039,-27.832,-37.109,-28.809,0.000
1709216601.520,-42.480,-27.344,-27.832,-24.902,0.000
1709216601.524,-43.945,-31.250,-21.484,-27.344,0.000
1709216601.528,-38.086,-31.250,-25.879,-38.086,0.000
1709216601.532,-26.855,-18.555,-20.020,-18.066,0.000
1709216601.536,-27.344,-16.113,-18.555,-0.488,0.000
1709216601.540,-31.250,-23.926,-25.391,-13.672,0.000
1709216601.544,-26.855,-28.320,-25.391,-30.273,0.000
1709216601.547,-20.020,-21.973,-21.973,-33.203,0.000
1709216601.551,-18.066,-17.578,-23.438,-20.020,0.000
1709216601.555,-21.973,-20.996,-20.020,0.977,0.000
1709216601.559,-28.809,-24.414,-22.949,-17.090,0.000
1709216601.563,-33.203,-25.879,-32.715,-41.016,0.000
1709216601.568,-33.691,-25.391,-32.227,-43.945,0.000
1709216601.572,-25.391,-23.926,-31.250,-29.785,0.000
1709216601.576,-22.461,-24.414,-26.855,-15.137,0.000
1709216601.580,-22.461,-25.879,-26.855,-22.949,0.000
1709216601.584,-22.461,-31.738,-27.344,-33.691,0.000
1709216601.588,-25.391,-31.250,-28.320,-39.062,0.000
1709216601.591,-26.855,-26.855,-32.715,-35.645,0.000
1709216601.595,-26.367,-29.297,-27.832,-23.926,0.000
1709216601.599,-25.391,-36.621,-27.344,-18.066,0.000
1709216601.603,-34.180,-38.086,-32.715,-19.043,0.000
1709216601.607,-44.922,-33.203,-32.227,-30.762,0.000
1709216601.611,-41.992,-33.691,-32.715,-33.203,0.000
1709216601.615,-34.180,-27.344,-27.832,-15.625,0.000
1709216601.619,-38.574,-24.414,-24.902,-11.719,0.000
1709216601.623,-40.527,-31.250,-28.320,-26.855,0.000
1709216601.627,-37.598,-33.691,-27.344,-32.715,0.000
1709216601.631,-39.062,-35.156,-26.855,-31.738,0.000
1709216601.635,-35.645,-34.668,-20.508,-11.719,0.000
1709216601.639,-41.504,-34.668,-24.902,-10.742,0.000
1709216601.643,-50.781,-31.738,-33.203,-31.738,0.000
1709216601.646,-46.875,-31.250,-28.809,-32.227,0.000
1709216601.650,-54.688,-31.250,-29.785,-41.016,0.000
1709216601.654,-55.664,-27.832,-30.762,-34.668,0.000
1709216601.658,-53.223,-30.762,-26.367,-22.949,0.000
1709216601.662,-50.293,-33.203,-26.855,-30.762,0.000
1709216601.666,-39.062,-28.809,-23.438,-34.668,0.000
1709216601.670,-36.133,-28.809,-22.461,-35.645,0.000
1709216601.674,-40.527,-34.180,-24.414,-29.297,0.000
1709216601.677,-35.156,-30.273,-24.902,-17.090,0.000
1709216601.681,-24.414,-24.902,-22.461,-15.137,0.000
1709216601.685,-29.297,-35.156,-28.320,-36.133,0.000
1709216601.689,-20.996,-36.621,-25.391,-32.715,0.000
1709216601.693,-20.020,-34.668,-26.367,-13.672,0.000
1709216601.697,-25.879,-34.668,-34.668,-18.066,0.000
1709216601.701,-20.996,-30.762,-31.250,-20.508,0.000
1709216601.705,-21.973,-21.973,-31.250,-27.832,0.000
1709216601.709,-30.273,-19.531,-37.109,-38.086,0.000
1709216601.713,-35.156,-26.855,-36.621,-27.832,0.000
1709216601.717,-34.180,-28.809,-34.180,-15.625,0.000
1709216601.720,-34.668,-33.203,-32.227,-21.484,0.000
1709216601.724,-32.227,-34.668,-30.762,-39.551,0.000
1709216601.728,-29.785,-29.785,-29.297,-44.434,0.000
1709216601.732,-26.855,-31.738,-30.762,-32.227,0.000
1709216601.736,-19.531,-29.297,-27.344,-11.230,0.000
1709216601.740,-21.973,-16.113,-21.973,-14.160,0.000
1709216601.744,-36.621,-20.996,-27.832,-37.109,0.000
1709216601.748,-39.062,-34.668,-30.762,-44.434,0.000
1709216601.752,-31.738,-31.250,-35.156,-33.203,0.000
1709216601.754,-33.691,-26.855,-36.133,-18.555,0.000
1709216601.758,-34.180,-30.273,-37.598,-24.414,0.000
1709216601.762,-25.391,-29.297,-40.039,-39.551,0.000
1709216601.766,-28.320,-23.926,-37.598,-47.852,0.000
1709216601.770,-30.273,-27.832,-38.574,-40.039,0.000
1709216601.774,-29.785,-36.133,-32.227,-22.949,0.000
1709216601.778,-35.156,-39.551,-29.297,-18.066,0.000
1709216601.782,-40.039,-40.039,-34.668,-25.391,0.000
1709216601.786,-37.598,-31.738,-27.832,-39.062,0.000
1709216601.790,-35.156,-38.574,-34.180,-41.992,0.000
1709216601.793,-35.156,-44.434,-42.480,-26.367,0.000
1709216601.797,-27.832,-39.551,-32.227,-10.254,0.000
1709216601.800,-25.391,-42.480,-29.785,-20.996,0.000
1709216601.804,-28.320,-36.621,-33.203,-35.156,0.000
1709216601.808,-31.738,-37.109,-29.785,-23.926,0.000
1709216601.812,-31.250,-42.969,-22.949,-14.160,0.000
1709216601.816,-29.297,-39.062,-20.996,-12.695,0.000
1709216601.820,-36.133,-35.645,-30.762,-26.367,0.000
1709216601.824,-36.133,-39.551,-33.691,-30.273,0.000
1709216601.827,-37.109,-40.527,-31.250,-32.227,0.000
1709216601.831,-37.109,-35.156,-30.762,-30.762,0.000
1709216601.835,-36.133,-24.902,-26.855,-18.555,0.000
1709216601.839,-35.156,-22.461,-23.926,-16.602,0.000
1709216601.843,-29.297,-30.762,-31.250,-41.992,0.000
1709216601.845,-21.973,-29.297,-31.250,-45.410,0.000
1709216601.849,-28.320,-27.832,-29.297,-26.855,0.000
1709216601.853,-34.668,-25.391,-31.738,-21.484,0.000
1709216601.857,-28.809,-25.879,-35.645,-21.484,0.000
1709216601.861,-36.621,-28.809,-36.133,-39.062,0.000
1709216601.865,-44.922,-26.367,-35.645,-48.340,0.000
1709216601.869,-41.016,-28.809,-40.527,-35.645,0.000
1709216601.873,-43.457,-30.273,-35.645,-22.949,0.000
1709216601.877,-51.270,-32.227,-29.297,-21.973,0.000
1709216601.881,-51.270,-34.668,-30.273,-30.273,0.000
1709216601.884,-47.852,-30.762,-31.250,-41.992,0.000
1709216601.888,-41.992,-27.344,-24.902,-33.203,0.000
1709216601.895,-41.016,-27.832,-28.809,-21.484,0.000
1709216601.898,-41.504,-26.855,-31.250,-24.902,0.000
1709216601.902,-37.598,-23.926,-29.785,-41.016,0.000
1709216601.906,-28.809,-21.484,-33.203,-41.504,0.000
1709216601.910,-22.949,-23.438,-32.715,-27.344,0.000
1709216601.914,-22.461,-26.855,-30.273,-13.672,0.000
1709216601.918,-30.762,-29.297,-38.086,-16.602,0.000
1709216601.922,-33.203,-25.879,-40.039,-34.668,0.000
1709216601.926,-24.902,-21.484,-28.809,-34.180,0.000
1709216601.930,-29.297,-26.855,-29.785,-23.926,0.000
1709216601.934,-29.785,-26.855,-27.832,-14.648,0.000
1709216601.938,-27.344,-28.320,-27.344,-12.207,0.000
1709216601.943,-34.668,-30.273,-27.344,-25.391,0.000
1709216601.946,-30.762,-26.855,-23.926,-33.203,0.000
1709216601.950,-27.832,-25.879,-23.438,-30.762,0.000
1709216601.954,-26.855,-22.461,-22.461,-16.602,0.000
1709216601.958,-26.855,-28.809,-26.367,-15.625,0.000
1709216601.962,-22.461,-31.250,-27.344,-28.809,0.000
1709216601.966,-13.672,-21.973,-21.484,-35.156,0.000
1709216601.970,-24.902,-27.344,-27.832,-35.645,0.000
1709216601.974,-32.715,-33.203,-27.832,-16.113,0.000
1709216601.978,-32.715,-31.250,-28.809,-12.207,0.000
1709216601.982,-22.949,-26.367,-26.367,-31.250,0.000
1709216601.985,-17.090,-24.414,-19.043,-32.227,0.000
1709216601.990,-21.973,-22.461,-21.973,-22.949,0.000
1709216601.994,-24.414,-23.438,-26.367,-13.672,0.000
1709216601.998,-29.297,-27.832,-25.391,-10.254,0.000
1709216602.001,-30.762,-29.785,-22.461,-12.695,0.000
1709216602.005,-25.879,-33.691,-23.926,-19.043,0.000
1709216602.009,-26.367,-36.621,-25.391,-19.043,0.000
1709216602.013,-32.715,-38.086,-21.484,-1.465,0.000
1709216602.017,-36.621,-41.016,-17.578,9.766,0.000
1709216602.021,-22.949,-34.180,-13.184,12.207,0.000
1709216602.025,-22.461,-30.762,-17.578,-16.602,0.000
1709216602.029,-33.691,-37.598,-26.855,-33.691,0.000
1709216602.033,-28.809,-32.715,-23.438,-16.113,0.000
1709216602.036,-19.531,-27.832,-18.555,-3.418,0.000
1709216602.040,-16.113,-38.086,-28.320,-8.301,0.000
1709216602.044,-21.484,-40.039,-34.668,-25.879,0.000
1709216602.048,-22.461,-34.180,-34.180,-35.156,0.000
1709216602.052,-20.996,-37.109,-42.480,-31.250,0.000
1709216602.056,-25.879,-39.062,-41.504,-19.531,0.000
1709216602.060,-29.297,-39.062,-35.645,-24.902,0.000
1709216602.064,-25.391,-41.016,-35.156,-36.621,0.000
1709216602.068,-13.184,-38.574,-24.414,-29.785,0.000
1709216602.072,-13.184,-33.691,-20.020,-28.320,0.000
1709216602.076,-25.391,-36.621,-29.785,-27.832,0.000
1709216602.079,-24.902,-40.527,-29.785,-21.484,0.000
1709216602.083,-22.949,-32.227,-26.855,-28.809,0.000
1709216602.087,-27.832,-31.738,-27.832,-37.109,0.000
1709216602.091,-27.832,-40.527,-25.879,-28.320,0.000
1709216602.094,-30.273,-39.062,-23.438,-16.113,0.000
1709216602.098,-40.527,-40.039,-27.344,-19.043,0.000
1709216602.102,-42.480,-36.621,-29.785,-25.879,0.000
1709216602.106,-35.156,-32.715,-29.785,-33.691,0.000
1709216602.110,-35.156,-39.551,-25.879,-18.066,0.000
1709216602.114,-35.645,-33.691,-22.461,-2.930,0.000
1709216602.118,-35.156,-28.320,-21.973,-3.906,0.000
1709216602.122,-40.527,-30.273,-26.367,-13.672,0.000
1709216602.126,-44.922,-30.273,-27.344,-31.738,0.000
1709216602.129,-41.992,-28.320,-28.809,-36.621,0.000
1709216602.133,-45.898,-29.785,-33.691,-28.320,0.000
1709216602.136,-35.645,-28.320,-25.391,-11.719,0.000
1709216602.140,-29.785,-24.902,-23.438,-22.949,0.000
1709216602.144,-31.250,-27.344,-24.902,-33.203,0.000
1709216602.148,-30.762,-30.762,-26.855,-34.180,0.000
1709216602.152,-38.086,-35.156,-28.809,-24.902,0.000
1709216602.156,-42.480,-35.156,-22.461,-3.906,0.000
1709216602.160,-46.875,-28.320,-26.367,-21.484,0.000
1709216602.164,-45.898,-29.297,-27.344,-42.969,0.000
1709216602.168,-44.922,-34.180,-25.879,-41.992,0.000
1709216602.172,-41.016,-28.809,-27.344,-27.832,0.000
1709216602.174,-30.762,-29.297,-22.949,-19.531,0.000
1709216602.178,-30.273,-35.645,-27.344,-33.203,0.000
1709216602.182,-32.227,-35.156,-28.320,-41.504,0.000
1709216602.186,-29.297,-24.414,-21.484,-36.621,0.000
1709216602.190,-32.227,-24.902,-25.391,-30.762,0.000
1709216602.194,-32.227,-35.156,-34.668,-13.184,0.000
1709216602.198,-34.668,-35.156,-36.621,-14.648,0.000
1709216602.202,-38.574,-28.320,-34.668,-35.645,0.000
1709216602.206,-34.180,-30.273,-31.250,-41.504,0.000
1709216602.210,-33.691,-34.180,-33.691,-28.320,0.000
1709216602.213,-30.273,-28.320,-34.668,-17.090,0.000
1709216602.217,-27.832,-25.391,-39.551,-29.785,0.000
1709216602.220,-20.996,-15.625,-36.621,-43.457,0.000
1709216602.224,-18.066,-14.160,-30.762,-37.598,0.000
1709216602.228,-24.414,-22.461,-31.250,-20.020,0.000
1709216602.232,-33.691,-20.020,-30.273,-12.207,0.000
1709216602.236,-42.969,-21.484,-36.621,-20.508,0.000
1709216602.239,-33.691,-17.090,-28.809,-25.879,0.000
1709216602.243,-28.320,-9.766,-17.090,-33.203,0.000
1709216602.247,-46.875,-22.461,-29.785,-41.504,0.000
1709216602.251,-56.641,-28.320,-39.551,-24.902,0.000
1709216602.255,-52.246,-28.809,-38.086,-21.973,0.000
1709216602.259,-53.711,-26.855,-35.645,-41.016,0.000
1709216602.263,-56.152,-20.996,-40.039,-57.617,0.000
1709216602.269,-50.781,-21.484,-34.668,-50.293,0.000
1709216602.273,-46.875,-24.902,-34.180,-30.762,0.000
1709216602.277,-42.480,-22.949,-37.109,-27.344,0.000
1709216602.281,-40.527,-20.020,-32.715,-36.621,0.000
1709216602.285,-42.480,-22.461,-32.227,-41.016,0.000
1709216602.289,-39.062,-25.391,-31.738,-34.180,0.000
1709216602.293,-34.668,-22.949,-35.156,-23.926,0.000
1709216602.297,-32.715,-22.461,-33.691,-18.555,0.000
1709216602.300,-35.645,-28.809,-34.180,-31.738,0.000
1709216602.304,-33.691,-24.414,-30.273,-38.574,0.000
1709216602.308,-31.738,-21.973,-28.809,-30.762,0.000
1709216602.312,-28.809,-25.879,-32.715,-15.137,0.000
1709216602.317,-27.832,-26.855,-33.203,-4.395,0.000
1709216602.321,-28.809,-26.367,-29.785,-8.301,0.000
1709216602.325,-25.879,-20.996,-29.297,-21.973,0.000
1709216602.329,-20.996,-17.578,-38.086,-26.367,0.000
1709216602.333,-17.578,-19.043,-38.086,-14.648,0.000
1709216602.337,-17.090,-17.578,-34.180,-9.277,0.000
1709216602.341,-24.902,-19.531,-35.645,-20.508,0.000
1709216602.345,-29.297,-20.508,-28.809,-34.668,0.000
1709216602.349,-22.461,-19.531,-26.367,-33.203,0.000
1709216602.353,-24.902,-20.508,-35.156,-15.137,0.000
1709216602.356,-20.508,-15.625,-26.855,-7.324,0.000
1709216602.360,-19.531,-17.090,-27.832,-20.996,0.000
1709216602.365,-30.273,-24.414,-40.039,-41.504,0.000
1709216602.369,-26.367,-21.973,-34.180,-43.945,0.000
1709216602.373,-23.926,-21.484,-28.809,-28.809,0.000
1709216602.376,-31.738,-28.809,-29.785,-15.625,0.000
1709216602.380,-31.738,-24.902,-28.809,-23.926,0.000
1709216602.384,-30.762,-23.926,-27.344,-41.992,0.000
1709216602.388,-32.715,-23.438,-26.367,-49.805,0.000
1709216602.392,-29.297,-20.020,-22.949,-33.691,0.000
1709216602.396,-31.738,-26.367,-19.043,-5.859,0.000
1709216602.400,-37.598,-25.879,-23.438,-13.184,0.000
1709216602.404,-33.203,-27.832,-24.902,-30.762,0.000
1709216602.408,-31.250,-31.738,-25.879,-37.109,0.000
1709216602.411,-40.039,-38.574,-30.273,-36.133,0.000
1709216602.415,-38.086,-41.504,-27.832,-17.090,0.000
1709216602.419,-36.621,-34.180,-31.250,-12.207,0.000
1709216602.423,-37.109,-29.297,-31.250,-24.414,0.000
1709216602.427,-33.691,-34.668,-27.344,-29.297,0.000
1709216602.431,-32.715,-37.598,-29.785,-23.438,0.000
1709216602.435,-31.738,-33.691,-32.715,-11.230,0.000
1709216602.439,-30.762,-32.715,-30.762,-10.254,0.000
1709216602.443,-35.645,-30.273,-33.691,-24.414,0.000
1709216602.447,-31.250,-23.926,-34.668,-29.297,0.000
1709216602.451,-25.879,-26.855,-35.156,-12.207,0.000
1709216602.454,-24.414,-36.133,-35.156,0.000,0.000
1709216602.458,-19.531,-32.227,-27.344,0.488,0.000
1709216602.462,-28.809,-27.344,-23.926,-18.066,0.000
1709216602.466,-33.203,-34.668,-23.438,-38.574,0.000
1709216602.470,-31.738,-40.039,-31.250,-28.809,0.000
1709216602.473,-38.086,-40.039,-36.133,-20.996,0.000
1709216602.477,-34.180,-36.621,-29.785,-14.160,0.000
1709216602.481,-33.691,-32.715,-27.832,-20.508,0.000
1709216602.485,-31.738,-32.227,-27.832,-33.203,0.000
1709216602.489,-28.809,-29.297,-27.344,-42.969,0.000
1709216602.493,-22.461,-20.996,-28.320,-30.273,0.000
1709216602.497,-22.949,-20.508,-31.250,-16.602,0.000
1709216602.501,-23.438,-17.578,-20.508,-19.531,0.000
1709216602.504,-21.484,-23.438,-29.297,-34.668,0.000
1709216602.508,-20.996,-26.855,-36.133,-37.109,0.000
1709216602.511,-24.902,-25.879,-31.738,-18.555,0.000
1709216602.515,-30.762,-30.762,-36.133,-13.184,0.000
1709216602.519,-26.855,-25.391,-30.762,-17.090,0.000
1709216602.523,-34.180,-29.785,-31.738,-31.250,0.000
1709216602.527,-35.645,-34.668,-31.738,-29.297,0.000
1709216602.531,-27.832,-31.738,-28.320,-0.977,0.000
1709216602.535,-24.414,-28.809,-28.809,4.883,0.000
1709216602.539,-22.949,-29.297,-27.344,-8.301,0.000
1709216602.543,-22.461,-27.832,-29.785,-21.973,0.000
1709216602.547,-20.508,-21.973,-29.785,-26.855,0.000
1709216602.549,-16.602,-18.066,-26.367,-16.113,0.000
1709216602.553,-22.949,-20.020,-23.438,-5.859,0.000
1709216602.557,-20.996,-23.926,-20.996,-5.371,0.000
1709216602.561,-17.578,-21.973,-21.973,-25.391,0.000
1709216602.565,-27.832,-25.391,-28.809,-39.062,0.000
1709216602.569,-32.715,-27.344,-21.973,-26.855,0.000
1709216602.573,-30.273,-29.297,-14.648,0.488,0.000
1709216602.577,-40.039,-35.645,-27.344,-10.742,0.000
1709216602.581,-44.922,-37.109,-33.203,-41.992,0.000
1709216602.584,-36.621,-36.621,-28.809,-42.969,0.000
1709216602.588,-38.574,-33.691,-33.691,-41.992,0.000
1709216602.592,-40.527,-30.762,-31.738,-30.273,0.000
1709216602.595,-33.691,-32.227,-26.855,-19.043,0.000
1709216602.599,-34.180,-37.598,-30.273,-32.715,0.000
1709216602.603,-28.809,-30.273,-31.250,-47.363,0.000
1709216602.607,-24.902,-27.832,-34.180,-36.621,0.000
1709216602.611,-38.086,-27.344,-35.645,-19.043,0.000
1709216602.614,-41.504,-28.809,-29.297,-14.160,0.000
1709216602.618,-45.898,-35.156,-21.484,-15.625,0.000
1709216602.622,-50.293,-33.691,-24.414,-27.832,0.000
1709216602.626,-40.039,-25.391,-23.438,-21.973,0.000
1709216602.630,-41.504,-31.738,-26.367,-4.395,0.000
1709216602.634,-37.598,-32.715,-27.832,-6.348,0.000
1709216602.638,-44.434,-35.645,-29.785,-28.809,0.000
1709216602.644,-43.945,-39.551,-30.762,-36.621,0.000
1709216602.648,-34.668,-32.715,-26.367,-28.320,0.000
1709216602.652,-34.180,-32.227,-27.344,-15.137,0.000
1709216602.656,-26.367,-29.785,-25.879,-6.348,0.000
1709216602.660,-28.809,-26.855,-22.461,-18.555,0.000
1709216602.664,-29.297,-27.832,-23.438,-33.203,0.000
1709216602.668,-28.809,-25.879,-25.391,-34.668,0.000
1709216602.671,-27.832,-22.949,-22.461,-14.648,0.000
1709216602.675,-26.367,-23.926,-20.508,0.000,0.000
1709216602.679,-37.598,-30.273,-31.250,-10.742,0.000
1709216602.683,-36.133,-27.832,-31.738,-32.715,0.000
1709216602.687,-34.668,-28.320,-27.832,-41.504,0.000
1709216602.696,-36.621,-32.227,-23.438,-20.508,0.000
1709216602.700,-37.598,-37.109,-26.367,-10.742,0.000
1709216602.704,-37.598,-33.691,-32.227,-27.344,0.000
1709216602.708,-33.691,-25.879,-31.738,-39.062,0.000
1709216602.712,-33.691,-27.344,-27.832,-46.387,0.000
1709216602.716,-36.621,-30.273,-31.738,-32.715,0.000
1709216602.720,-37.598,-31.738,-33.691,-16.113,0.000
1709216602.723,-35.156,-31.250,-27.344,-25.879,0.000
1709216602.727,-34.668,-28.320,-23.926,-30.762,0.000
1709216602.731,-34.180,-31.250,-31.738,-33.203,0.000
1709216602.735,-20.996,-27.832,-27.344,-16.602,0.000
1709216602.739,-12.695,-22.949,-24.414,-0.488,0.000
1709216602.742,-19.531,-27.832,-33.691,-12.695,0.000
1709216602.746,-18.555,-28.809,-30.273,-28.320,0.000
1709216602.750,-21.973,-29.297,-29.785,-40.527,0.000
1709216602.754,-28.320,-30.762,-32.715,-30.273,0.000
1709216602.758,-25.391,-35.645,-30.273,-9.277,0.000
1709216602.762,-27.344,-38.574,-26.855,-8.301,0.000
1709216602.766,-30.273,-33.691,-24.902,-28.809,0.000
1709216602.770,-34.668,-29.785,-29.785,-45.410,0.000
1709216602.774,-26.367,-28.809,-27.832,-33.203,0.000
1709216602.778,-16.113,-24.902,-30.273,-16.113,0.000
1709216602.782,-18.066,-24.902,-32.715,-11.719,0.000
1709216602.785,-17.578,-30.762,-29.785,-26.855,0.000
1709216602.789,-23.926,-32.227,-29.297,-30.273,0.000
1709216602.792,-25.879,-23.438,-33.203,-27.344,0.000
1709216602.796,-25.391,-30.273,-38.086,-20.020,0.000
1709216602.800,-31.250,-40.527,-33.691,-12.695,0.000
1709216602.804,-33.691,-34.668,-30.762,-28.320,0.000
1709216602.808,-32.715,-32.715,-34.180,-42.480,0.000
1709216602.812,-36.133,-34.180,-28.809,-35.645,0.000
1709216602.816,-32.227,-36.621,-22.949,-13.672,0.000
1709216602.820,-32.715,-41.504,-31.250,-0.977,0.000
1709216602.824,-31.738,-39.062,-28.320,-17.578,0.000
1709216602.828,-25.391,-37.109,-23.926,-40.039,0.000
1709216602.831,-27.344,-37.109,-29.785,-36.133,0.000
1709216602.834,-33.691,-34.668,-31.250,-22.461,0.000
1709216602.838,-32.227,-29.297,-31.250,-17.578,0.000
1709216602.842,-30.273,-27.832,-30.762,-25.391,0.000
1709216602.846,-26.855,-29.785,-23.926,-41.504,0.000
1709216602.850,-22.461,-26.855,-19.043,-40.039,0.000
1709216602.854,-32.715,-29.297,-24.902,-29.785,0.000
1709216602.858,-27.344,-30.273,-22.949,-14.160,0.000
1709216602.862,-26.855,-25.391,-17.090,-7.812,0.000
1709216602.866,-35.156,-24.902,-17.090,-29.785,0.000
1709216602.869,-26.855,-27.832,-17.090,-42.969,0.000
1709216602.873,-23.926,-29.297,-17.090,-17.090,0.000
1709216602.877,-26.855,-30.762,-18.066,0.000,0.000
1709216602.880,-29.297,-31.250,-17.578,0.488,0.000
1709216602.884,-28.320,-31.250,-19.531,-14.160,0.000
1709216602.888,-22.461,-30.762,-23.438,-30.762,0.000
1709216602.892,-20.020,-24.414,-19.531,-15.137,0.000
1709216602.895,-26.367,-28.809,-20.020,0.488,0.000
1709216602.899,-33.203,-38.086,-23.438,-11.719,0.000
1709216602.903,-28.320,-36.621,-12.695,-12.695,0.000
1709216602.907,-21.484,-28.320,-4.883,-7.324,0.000
1709216602.911,-35.156,-29.785,-23.926,-21.973,0.000
1709216602.915,-38.086,-34.668,-26.855,-17.578,0.000
1709216602.919,-34.180,-35.156,-15.137,-15.137,0.000
1709216602.923,-31.250,-35.645,-20.508,-25.879,0.000
1709216602.926,-28.320,-33.691,-28.809,-31.250,0.000
1709216602.929,-28.809,-35.645,-30.273,-26.367,0.000
1709216602.933,-31.738,-37.598,-30.273,-17.578,0.000
1709216602.937,-37.598,-32.715,-35.645,-17.578,0.000
1709216602.941,-36.133,-33.203,-36.621,-33.691,0.000
1709216602.945,-35.156,-31.738,-35.645,-49.805,0.000
1709216602.949,-34.180,-29.785,-35.156,-29.297,0.000
1709216602.953,-35.645,-34.180,-33.203,-21.973,0.000
1709216602.957,-37.598,-29.297,-27.344,-22.949,0.000
1709216602.961,-39.062,-18.555,-23.926,-27.344,0.000
1709216602.965,-41.992,-27.344,-29.785,-47.852,0.000
1709216602.968,-44.434,-31.738,-34.180,-45.410,0.000
1709216602.971,-43.945,-26.367,-33.691,-25.391,0.000
1709216602.975,-37.598,-27.832,-33.691,-12.695,0.000
1709216602.979,-44.434,-28.809,-39.062,-26.367,0.000
1709216602.982,-50.781,-31.250,-36.133,-48.340,0.000
1709216602.986,-49.316,-34.668,-30.762,-53.711,0.000
1709216602.990,-38.086,-29.297,-27.832,-34.180,0.000
1709216602.994,-31.738,-25.879,-26.367,-19.531,0.000
1709216602.998,-35.156,-26.367,-27.832,-32.715,0.000
1709216603.002,-30.273,-27.344,-30.273,-41.504,0.000
1709216603.006,-27.344,-24.902,-31.250,-41.504,0.000
1709216603.010,-26.367,-18.555,-33.203,-31.250,0.000
1709216603.014,-24.902,-17.090,-32.227,-22.461,0.000
1709216603.020,-33.203,-27.344,-34.668,-24.902,0.000
1709216603.024,-35.156,-27.832,-35.645,-35.156,0.000
1709216603.027,-33.203,-19.043,-34.180,-44.922,0.000
1709216603.031,-36.133,-15.137,-31.250,-31.738,0.000
1709216603.035,-36.621,-23.438,-33.203,-20.996,0.000
1709216603.039,-38.574,-30.273,-32.227,-22.461,0.000
1709216603.043,-41.992,-33.203,-28.320,-32.715,0.000
1709216603.047,-34.668,-31.738,-29.785,-41.992,0.000
1709216603.051,-31.250,-27.832,-31.250,-33.203,0.000
1709216603.055,-29.785,-29.785,-31.738,-7.812,0.000
1709216603.059,-31.250,-28.320,-31.250,-8.301,0.000
1709216603.063,-36.621,-24.902,-36.133,-30.762,0.000
1709216603.068,-27.832,-24.414,-34.668,-40.039,0.000
1709216603.072,-24.414,-26.367,-33.203,-33.691,0.000
1709216603.075,-29.785,-25.879,-34.668,-24.414,0.000
1709216603.079,-35.645,-30.273,-33.691,-30.273,0.000
1709216603.083,-43.457,-32.715,-38.574,-50.781,0.000
1709216603.087,-42.480,-25.391,-33.691,-59.570,0.000
1709216603.091,-42.480,-23.438,-30.762,-52.246,0.000
1709216603.095,-35.156,-25.391,-31.738,-37.598,0.000
1709216603.099,-28.320,-32.715,-33.691,-28.320,0.000
1709216603.103,-39.551,-39.062,-35.156,-32.227,0.000
1709216603.107,-41.992,-32.715,-32.715,-44.434,0.000
1709216603.111,-35.645,-30.273,-29.297,-31.738,0.000
1709216603.115,-38.574,-38.574,-23.438,-8.301,0.000
1709216603.119,-35.645,-38.086,-20.508,-8.301,0.000
1709216603.123,-28.320,-32.715,-18.555,-16.602,0.000
1709216603.127,-28.809,-31.738,-17.578,-25.879,0.000
1709216603.131,-30.762,-36.133,-21.973,-25.391,0.000
1709216603.134,-26.367,-36.621,-23.926,-12.695,0.000
1709216603.138,-31.738,-33.203,-25.391,-13.672,0.000
1709216603.142,-34.180,-34.180,-30.762,-24.902,0.000
1709216603.146,-24.902,-31.738,-27.344,-21.973,0.000
1709216603.150,-19.531,-25.391,-20.996,-20.020,0.000
1709216603.154,-23.438,-34.668,-24.414,-20.508,0.000
1709216603.158,-26.855,-34.668,-28.809,-15.137,0.000
1709216603.162,-32.227,-33.691,-28.320,-20.020,0.000
1709216603.165,-27.832,-31.738,-27.344,-32.715,0.000
1709216603.169,-26.367,-28.320,-32.227,-40.527,0.000
1709216603.173,-28.320,-29.785,-33.203,-32.227,0.000
1709216603.177,-27.832,-26.855,-33.691,-17.578,0.000
1709216603.181,-35.156,-23.438,-36.621,-19.531,0.000
1709216603.185,-33.203,-22.461,-35.156,-46.387,0.000
1709216603.189,-36.133,-27.344,-33.691,-50.781,0.000
1709216603.193,-42.969,-30.762,-29.297,-26.855,0.000
1709216603.197,-47.363,-25.879,-25.879,-25.391,0.000
1709216603.201,-45.410,-21.973,-27.832,-34.668,0.000
1709216603.205,-45.410,-23.438,-26.367,-42.969,0.000
1709216603.208,-52.246,-23.926,-26.367,-43.945,0.000
1709216603.212,-47.852,-27.832,-26.367,-33.691,0.000
1709216603.216,-49.805,-37.598,-31.250,-23.926,0.000
1709216603.220,-57.129,-41.992,-36.621,-28.320,0.000
1709216603.223,-54.199,-41.504,-37.109,-42.480,0.000
1709216603.227,-52.246,-37.598,-35.645,-56.641,0.000
1709216603.231,-51.270,-32.715,-34.180,-42.480,0.000
1709216603.235,-47.363,-33.203,-30.273,-15.137,0.000
1709216603.239,-41.504,-28.809,-31.738,-20.996,0.000
1709216603.243,-35.156,-23.926,-36.621,-37.598,0.000
1709216603.247,-30.273,-27.344,-36.621,-44.434,0.000
1709216603.251,-25.879,-23.926,-30.273,-41.504,0.000
1709216603.254,-26.855,-20.020,-33.691,-28.320,0.000
1709216603.258,-30.762,-18.555,-35.645,-17.578,0.000
1709216603.262,-36.133,-18.555,-32.715,-33.691,0.000
1709216603.266,-32.227,-23.438,-32.227,-51.270,0.000
1709216603.269,-22.461,-26.855,-29.785,-40.039,0.000
1709216603.273,-30.273,-25.391,-34.180,-24.902,0.000
1709216603.277,-42.480,-25.879,-39.551,-25.879,0.000
1709216603.281,-47.363,-29.297,-38.086,-35.156,0.000
1709216603.285,-51.758,-27.832,-34.180,-53.223,0.000
1709216603.289,-42.480,-29.785,-30.273,-50.293,0.000
1709216603.293,-36.133,-27.832,-25.879,-21.484,0.000
1709216603.297,-41.016,-23.438,-27.344,-12.695,0.000
1709216603.299,-37.109,-23.438,-28.809,-25.391,0.000
1709216603.303,-36.621,-23.926,-29.785,-33.691,0.000
1709216603.307,-41.016,-23.926,-43.457,-34.180,0.000
1709216603.311,-38.574,-27.344,-42.969,-19.531,0.000
1709216603.315,-34.180,-25.879,-33.691,-9.277,0.000
1709216603.319,-31.250,-26.367,-31.250,-16.113,0.000
1709216603.323,-24.414,-25.879,-25.391,-16.602,0.000
1709216603.327,-24.414,-23.926,-26.367,-29.785,0.000
1709216603.331,-33.203,-27.344,-37.109,-36.133,0.000
1709216603.335,-34.668,-28.809,-39.551,-23.926,0.000
1709216603.339,-39.062,-34.180,-38.086,-26.855,0.000
1709216603.342,-38.086,-31.738,-39.551,-48.828,0.000
1709216603.345,-32.715,-28.809,-39.551,-48.340,0.000
1709216603.349,-29.297,-29.297,-38.086,-31.250,0.000
1709216603.353,-18.555,-27.344,-32.715,-18.555,0.000
1709216603.357,-7.812,-21.484,-27.832,-13.672,0.000
1709216603.361,-11.719,-22.461,-30.762,-19.531,0.000
1709216603.364,-17.090,-28.809,-32.227,-19.531,0.000
1709216603.368,-12.695,-32.227,-35.156,-10.742,0.000
1709216603.372,-11.230,-22.949,-34.180,1.465,0.000
1709216603.376,-18.066,-18.555,-23.438,0.488,0.000
1709216603.380,-32.227,-27.344,-28.809,-19.531,0.000
1709216603.384,-39.062,-25.879,-31.738,-33.203,0.000
1709216603.388,-42.480,-23.438,-24.902,-25.879,0.000
1709216603.394,0.000,-28.320,-24.414,-11.719,0.000
1709216603.398,0.000,-30.273,-28.809,-14.160,0.000
1709216603.402,0.000,-31.738,-28.320,-26.855,0.000
1709216603.406,0.000,-26.855,-25.879,-40.039,0.000
1709216603.410,0.000,-27.832,-26.367,-33.203,0.000
1709216603.414,0.000,-35.645,-27.832,-12.695,0.000
1709216603.418,0.000,-36.621,-30.273,-10.742,0.000
1709216603.422,0.000,-33.203,-27.832,-28.320,0.000
1709216603.426,0.000,-31.250,-20.508,-31.738,0.000
1709216603.430,0.000,-26.855,-20.508,-12.695,0.000
1709216603.433,0.000,-31.250,-26.855,-5.859,0.000
1709216603.437,0.000,-37.598,-22.949,-10.254,0.000
1709216603.442,-49.805,-33.691,-27.344,-21.484,0.000
1709216603.446,-43.945,-29.297,-28.809,-33.203,0.000
1709216603.450,-37.109,-28.320,-23.926,-25.879,0.000
1709216603.454,-37.109,-27.344,-30.273,-10.742,0.000
1709216603.458,-34.180,-23.926,-32.715,-9.277,0.000
1709216603.462,-31.738,-22.461,-27.344,-26.367,0.000
1709216603.466,-28.809,-20.508,-26.367,-45.898,0.000
1709216603.470,-26.367,-20.996,-29.297,-45.410,0.000
1709216603.474,-22.949,-25.879,-20.996,-17.578,0.000
1709216603.478,-24.902,-30.273,-25.391,-8.789,0.000
1709216603.482,-34.180,-22.949,-31.738,-33.691,0.000
1709216603.485,-42.480,-24.414,-28.320,-52.246,0.000
1709216603.490,-33.203,-29.785,-25.391,-46.875,0.000
1709216603.494,-23.438,-26.367,-23.438,-27.832,0.000
1709216603.498,-35.156,-37.598,-33.203,-23.926,0.000
1709216603.502,-37.598,-43.457,-32.715,-29.785,0.000
1709216603.505,-32.227,-37.109,-29.785,-43.945,0.000
1709216603.509,-26.367,-29.785,-29.297,-41.992,0.000
1709216603.513,-24.414,-29.297,-30.762,-22.949,0.000
1709216603.517,-25.391,-32.715,-31.738,-8.789,0.000
1709216603.521,-27.344,-30.273,-33.691,-8.789,0.000
1709216603.525,-30.273,-22.949,-30.273,-28.809,0.000
1709216603.529,-24.414,-18.066,-23.438,-36.621,0.000
1709216603.533,-15.625,-19.043,-20.020,-12.207,0.000
1709216603.536,-18.555,-21.973,-20.996,7.324,0.000
1709216603.540,-21.973,-26.367,-22.949,-1.465,0.000
1709216603.544,-20.996,-29.297,-18.555,-19.043,0.000
1709216603.548,-21.973,-30.762,-23.438,-31.738,0.000
1709216603.552,-25.879,-34.668,-27.832,-29.785,0.000
1709216603.556,-32.715,-38.086,-30.273,-17.090,0.000
1709216603.560,-32.227,-39.062,-29.785,-12.207,0.000
1709216603.564,-31.250,-37.598,-26.855,-23.438,0.000
1709216603.568,-33.691,-35.156,-30.762,-33.203,0.000
1709216603.572,-29.785,-28.809,-28.809,-28.809,0.000
1709216603.575,-27.344,-28.809,-26.855,-5.859,0.000
1709216603.579,-31.738,-34.668,-29.785,-4.395,0.000
1709216603.584,-39.062,-26.855,-30.762,-23.926,0.000
1709216603.588,-31.738,-26.367,-30.273,-36.621,0.000
1709216603.592,-23.926,-30.762,-32.227,-26.855,0.000
1709216603.596,-30.762,-29.785,-31.738,-13.672,0.000
1709216603.600,-29.297,-26.367,-25.879,-11.719,0.000
1709216603.604,-25.879,-26.367,-26.855,-21.973,0.000
1709216603.608,-29.785,-31.738,-30.273,-32.227,0.000
1709216603.611,-27.344,-37.109,-28.809,-22.461,0.000
1709216603.615,-24.902,-34.180,-29.297,-22.461,0.000
1709216603.619,-19.531,-28.320,-27.344,-20.996,0.000
1709216603.623,-20.508,-29.297,-31.250,-29.297,0.000
1709216603.627,-24.414,-29.297,-34.180,-45.410,0.000
1709216603.630,-24.414,-32.227,-30.273,-38.574,0.000
1709216603.634,-22.461,-31.250,-26.855,-17.578,0.000
1709216603.638,-21.484,-28.809,-26.855,-7.324,0.000
1709216603.641,-34.180,-33.203,-27.832,-23.438,0.000
1709216603.645,-43.945,-38.086,-32.227,-40.527,0.000
1709216603.649,-33.203,-29.297,-29.297,-36.133,0.000
1709216603.653,-25.391,-24.902,-24.414,-17.578,0.000
1709216603.657,-32.715,-29.297,-32.715,-4.883,0.000
1709216603.661,-38.086,-23.926,-34.668,-18.555,0.000
1709216603.665,-45.898,-25.879,-32.227,-42.480,0.000
1709216603.669,-49.316,-34.668,-34.180,-52.734,0.000
1709216603.673,-44.434,-33.691,-36.621,-29.785,0.000
1709216603.675,-45.898,-35.156,-34.180,-12.207,0.000
1709216603.679,-45.898,-34.180,-30.273,-16.602,0.000
1709216603.683,-41.992,-31.738,-27.832,-27.832,0.000
1709216603.687,-40.039,-31.738,-27.832,-35.645,0.000
1709216603.691,-37.109,-31.250,-26.367,-20.996,0.000
1709216603.695,-30.762,-30.273,-27.344,-1.953,0.000
1709216603.699,-31.738,-31.738,-30.273,-4.395,0.000
1709216603.703,-35.645,-23.926,-24.414,-19.043,0.000
1709216603.707,-34.180,-21.973,-23.926,-29.297,0.000
1709216603.710,-37.598,-33.203,-27.832,-20.996,0.000
1709216603.714,-37.109,-34.668,-23.438,-2.441,0.000
1709216603.718,-42.480,-30.762,-21.484,-7.324,0.000
1709216603.724,-38.574,-26.855,-14.648,-19.531,0.000
1709216603.728,-32.715,-29.297,-13.184,-27.832,0.000
1709216603.732,-39.062,-32.715,-27.344,-29.297,0.000
1709216603.736,-36.621,-29.785,-30.762,-14.648,0.000
1709216603.740,-27.344,-26.855,-25.879,-17.578,0.000
1709216603.744,-30.762,-31.250,-30.762,-34.668,0.000
1709216603.748,-35.645,-28.809,-34.180,-45.898,0.000
1709216603.752,-30.273,-22.461,-27.344,-39.551,0.000
1709216603.756,-29.297,-25.391,-31.250,-28.320,0.000
1709216603.759,-31.250,-30.273,-32.715,-26.367,0.000
1709216603.763,-34.180,-28.320,-27.344,-44.922,0.000
1709216603.767,-38.086,-19.531,-27.832,-58.594,0.000
1709216603.772,-41.016,-24.414,-34.180,-58.105,0.000
1709216603.776,-40.527,-32.715,-35.156,-37.598,0.000
1709216603.780,-45.898,-27.344,-35.156,-25.391,0.000
1709216603.784,-55.664,-31.250,-39.062,-46.875,0.000
1709216603.788,-53.711,-35.645,-31.738,-63.965,0.000
1709216603.792,-54.199,-35.645,-30.273,-58.594,0.000
1709216603.796,-51.270,-38.574,-35.156,-33.203,0.000
1709216603.800,-42.969,-34.668,-25.879,-17.090,0.000
1709216603.804,-40.527,-33.691,-20.020,-23.926,0.000
1709216603.807,-38.574,-38.086,-30.762,-29.297,0.000
1709216603.811,-34.180,-32.715,-37.109,-38.086,0.000
1709216603.815,-38.086,-25.879,-33.203,-21.484,0.000
1709216603.820,-31.738,-21.484,-26.367,3.906,0.000
1709216603.824,-26.367,-23.926,-24.414,-9.277,0.000
1709216603.828,-24.414,-22.949,-21.973,-26.367,0.000
1709216603.831,-28.320,-25.879,-28.809,-33.203,0.000
1709216603.835,-28.809,-31.250,-30.762,-19.043,0.000
1709216603.839,-22.461,-29.785,-23.926,5.859,0.000
1709216603.843,-23.438,-27.832,-18.555,-1.953,0.000
1709216603.847,-28.320,-29.785,-20.020,-30.273,0.000
1709216603.851,-32.227,-32.715,-31.738,-38.574,0.000
1709216603.855,-29.785,-32.715,-34.180,-13.184,0.000
1709216603.859,-26.367,-29.297,-29.297,-8.301,0.000
1709216603.863,-21.973,-26.855,-26.855,-16.602,0.000
1709216603.866,-20.996,-25.879,-25.879,-24.902,0.000
1709216603.870,-25.391,-24.902,-26.367,-39.551,0.000
1709216603.874,-25.391,-22.949,-22.949,-27.344,0.000
1709216603.878,-27.344,-24.902,-22.461,-6.836,0.000
1709216603.882,-30.273,-24.414,-23.926,-19.043,0.000
1709216603.886,-42.480,-34.180,-31.250,-46.875,0.000
1709216603.890,-46.875,-40.039,-35.156,-52.246,0.000
1709216603.894,-38.574,-33.203,-37.109,-40.039,0.000
1709216603.898,-26.855,-35.645,-33.691,-17.090,0.000
1709216603.902,-29.785,-31.250,-27.344,-18.555,0.000
1709216603.905,-30.273,-23.926,-26.855,-39.551,0.000
1709216603.909,-27.832,-23.438,-29.785,-49.316,0.000
1709216603.913,-32.715,-23.926,-28.320,-40.039,0.000
1709216603.917,-37.598,-24.902,-32.715,-19.531,0.000
1709216603.920,-34.668,-24.414,-34.180,-15.137,0.000
1709216603.924,-23.438,-16.602,-24.414,-25.391,0.000
1709216603.928,-22.461,-19.043,-29.785,-37.598,0.000
1709216603.932,-30.273,-32.227,-35.156,-30.762,0.000
1709216603.936,-34.180,-33.691,-29.785,-12.695,0.000
1709216603.940,-30.762,-30.273,-32.715,-0.488,0.000
1709216603.944,-29.785,-25.391,-36.133,-4.883,0.000
1709216603.948,-33.203,-20.996,-36.133,-32.715,0.000
1709216603.952,-30.273,-22.949,-35.156,-41.992,0.000
1709216603.956,-31.738,-24.414,-34.180,-28.809,0.000
1709216603.959,-31.738,-21.973,-36.621,-13.672,0.000
1709216603.963,-31.738,-21.973,-35.156,-22.461,0.000
1709216603.967,-27.344,-29.297,-32.227,-41.504,0.000
1709216603.971,-17.090,-26.367,-24.902,-31.738,0.000
1709216603.974,-21.973,-29.785,-27.832,-19.531,0.000
1709216603.978,-26.855,-38.086,-37.109,-17.090,0.000
1709216603.982,-28.809,-38.086,-32.227,-24.902,0.000
1709216603.986,-31.250,-41.016,-28.809,-37.109,0.000
1709216603.990,-29.297,-34.668,-32.227,-41.016,0.000
1709216603.994,-29.297,-33.203,-33.691,-29.785,0.000
1709216603.998,-28.809,-36.133,-34.180,-19.043,0.000
1709216604.002,-22.461,-32.227,-31.250,-23.438,0.000
1709216604.005,-17.090,-25.879,-24.414,-35.645,0.000
1709216604.009,-14.648,-26.855,-25.391,-31.738,0.000
1709216604.012,-14.160,-32.227,-31.250,-15.137,0.000
1709216604.016,-12.695,-28.320,-29.297,-6.836,0.000
1709216604.020,-14.648,-26.367,-27.832,-11.719,0.000
1709216604.024,-24.414,-31.738,-35.156,-30.762,0.000
1709216604.028,-26.855,-33.203,-34.668,-35.645,0.000
1709216604.032,-24.902,-33.203,-30.762,-25.391,0.000
1709216604.036,-22.461,-26.855,-28.320,-16.602,0.000
1709216604.040,-24.902,-24.414,-21.973,-17.578,0.000
1709216604.044,-33.691,-27.832,-25.879,-42.480,0.000
1709216604.048,-34.668,-26.367,-30.273,-51.758,0.000
1709216604.050,-21.484,-26.367,-28.809,-31.738,0.000
1709216604.054,-24.414,-24.414,-29.297,-14.160,0.000
1709216604.058,-40.527,-21.973,-36.133,-19.043,0.000
1709216604.062,-38.574,-22.949,-38.086,-31.250,0.000
1709216604.066,-37.109,-26.367,-37.109,-41.016,0.000
1709216604.070,-44.434,-28.320,-36.133,-31.738,0.000
1709216604.074,-40.527,-34.668,-34.180,-8.789,0.000
1709216604.078,-36.621,-30.762,-30.273,-22.461,0.000
1709216604.082,-49.805,-27.344,-23.926,-43.945,0.000
1709216604.086,-46.875,-33.691,-29.785,-48.340,0.000
1709216604.089,-37.598,-34.180,-32.227,-46.875,0.000
1709216604.093,-47.852,-33.691,-30.762,-34.180,0.000
1709216604.096,-45.410,-33.203,-29.297,-23.926,0.000
1709216604.100,-35.645,-32.715,-27.344,-33.203,0.000
1709216604.104,-39.062,-32.227,-31.738,-46.875,0.000
1709216604.107,-35.645,-35.156,-32.715,-30.762,0.000
1709216604.111,-27.344,-37.598,-32.227,-10.742,0.000
1709216604.115,-21.973,-31.250,-28.320,-0.977,0.000
1709216604.119,-23.926,-29.297,-23.926,-6.348,0.000
1709216604.123,-28.320,-33.691,-23.438,-33.691,0.000
1709216604.127,-17.578,-27.832,-24.414,-34.180,0.000
1709216604.131,-17.578,-33.203,-33.691,-11.719,0.000
1709216604.135,-21.973,-35.156,-38.574,-5.859,0.000
1709216604.139,-15.625,-27.344,-30.273,-15.137,0.000
1709216604.145,-18.066,-30.273,-30.762,-27.832,0.000
1709216604.148,-23.926,-32.715,-35.645,-32.227,0.000
1709216604.152,-20.996,-31.250,-33.203,-14.648,0.000
1709216604.156,-17.090,-25.879,-27.344,-2.441,0.000
1709216604.160,-24.414,-26.367,-29.297,-13.184,0.000
1709216604.164,-31.738,-27.344,-31.738,-27.344,0.000
1709216604.168,-36.621,-29.297,-33.203,-38.086,0.000
1709216604.172,-42.480,-35.156,-37.109,-41.016,0.000
1709216604.176,-37.109,-35.645,-32.715,-27.344,0.000
1709216604.180,-35.645,-35.645,-30.762,-15.625,0.000
1709216604.184,-35.156,-33.203,-27.832,-34.180,0.000
1709216604.188,-28.809,-32.715,-24.902,-44.434,0.000
1709216604.193,-15.625,-28.320,-22.461,-16.602,0.000
1709216604.196,-13.672,-23.926,-21.973,-0.977,0.000
1709216604.200,-24.902,-33.691,-26.367,-13.672,0.000
1709216604.204,-24.414,-35.156,-26.367,-27.344,0.000
1709216604.208,-27.344,-31.250,-25.391,-31.250,0.000
1709216604.212,-31.250,-32.715,-30.273,-20.508,0.000
1709216604.216,-28.809,-31.250,-31.250,-11.719,0.000
1709216604.220,-21.973,-26.855,-26.855,-13.672,0.000
1709216604.224,-20.996,-28.809,-26.367,-24.902,0.000
1709216604.228,-25.391,-26.855,-26.855,-35.156,0.000
1709216604.232,-19.531,-20.508,-24.902,-25.879,0.000
1709216604.235,-15.137,-22.949,-25.391,-8.789,0.000
1709216604.240,-17.578,-26.367,-26.855,-0.488,0.000
1709216604.244,-19.043,-24.902,-29.785,-10.254,0.000
1709216604.248,-17.090,-18.555,-31.250,-26.855,0.000
1709216604.252,-20.020,-16.602,-26.855,-14.160,0.000
1709216604.255,-28.809,-26.855,-28.320,0.977,0.000
1709216604.259,-31.250,-30.762,-31.250,-4.883,0.000
1709216604.263,-31.738,-27.344,-34.668,-22.949,0.000
1709216604.267,-32.715,-29.297,-35.645,-40.527,0.000
1709216604.271,-29.297,-29.785,-39.062,-28.809,0.000
1709216604.275,-30.762,-19.531,-39.551,-14.160,0.000
1709216604.279,-34.180,-19.043,-31.738,-14.160,0.000
1709216604.283,-35.156,-24.902,-30.762,-21.973,0.000
1709216604.286,-37.109,-23.926,-27.832,-40.039,0.000
1709216604.290,-34.668,-25.391,-30.762,-42.480,0.000
1709216604.294,-41.992,-25.879,-37.109,-22.461,0.000
1709216604.298,-46.875,-23.926,-33.203,-12.695,0.000
1709216604.302,-33.203,-18.555,-27.344,-24.414,0.000
1709216604.306,-39.062,-24.414,-25.879,-35.156,0.000
1709216604.310,-41.504,-33.203,-28.809,-42.480,0.000
1709216604.314,-39.062,-29.297,-32.715,-32.715,0.000
1709216604.318,-53.223,-31.250,-35.645,-18.066,0.000
1709216604.322,-56.152,-28.320,-36.133,-37.598,0.000
1709216604.325,-52.246,-25.391,-35.645,-52.734,0.000
1709216604.329,-51.758,-30.762,-37.598,-53.223,0.000
1709216604.337,-41.992,-28.320,-36.621,-42.969,0.000
1709216604.341,-30.273,-22.949,-33.691,-25.879,0.000
1709216604.344,-30.762,-26.367,-32.227,-31.250,0.000
1709216604.348,-33.203,-28.809,-23.438,-45.898,0.000
1709216604.352,-26.855,-29.297,-24.414,-42.480,0.000
1709216604.356,-23.926,-30.762,-27.344,-26.855,0.000
1709216604.360,-30.762,-29.785,-24.414,-20.020,0.000
1709216604.364,-28.809,-27.344,-21.973,-11.719,0.000
1709216604.368,-22.461,-16.602,-15.137,-27.344,0.000
1709216604.372,-29.297,-21.484,-20.996,-43.945,0.000
1709216604.376,-27.832,-30.762,-24.902,-25.879,0.000
1709216604.380,-22.949,-27.832,-20.996,-12.207,0.000
1709216604.393,-18.066,-25.391,-16.113,-11.230,0.000
1709216604.397,-24.902,-26.855,-21.484,-26.367,0.000
1709216604.401,-31.738,-25.879,-24.902,-44.922,0.000
1709216604.404,-24.414,-33.203,-20.508,-30.762,0.000
1709216604.408,-33.203,-39.062,-26.855,-13.184,0.000
1709216604.412,-38.574,-37.109,-31.250,-14.160,0.000
1709216604.416,-35.156,-36.621,-29.785,-29.785,0.000
1709216604.420,-31.250,-24.414,-26.855,-47.363,0.000
1709216604.424,-31.250,-22.949,-24.414,-40.527,0.000
1709216604.428,-40.039,-30.762,-30.762,-26.367,0.000
1709216604.432,-38.574,-25.879,-34.668,-16.602,0.000
1709216604.436,-32.715,-23.926,-35.645,-28.320,0.000
1709216604.443,-33.691,-22.949,-32.715,-46.387,0.000
1709216604.446,-37.598,-24.902,-30.273,-33.691,0.000
1709216604.450,-37.598,-30.273,-34.180,-21.484,0.000
1709216604.454,-32.227,-32.227,-29.785,-22.461,0.000
1709216604.458,-35.156,-30.273,-27.344,-27.344,0.000
1709216604.462,-36.133,-30.273,-30.273,-41.016,0.000
1709216604.466,-27.344,-23.926,-20.996,-29.297,0.000
1709216604.470,-27.832,-20.508,-16.602,-11.719,0.000
1709216604.474,-33.691,-25.879,-29.785,-5.371,0.000
1709216604.478,-31.250,-24.414,-31.738,-3.906,0.000
1709216604.482,-29.297,-25.879,-31.738,-22.461,0.000
1709216604.485,-32.227,-24.902,-35.645,-32.715,0.000
1709216604.484,-36.621,-23.926,-30.273,-20.020,0.000
1709216604.488,-37.598,-27.344,-27.344,-7.812,0.000
1709216604.491,-34.180,-25.391,-25.879,-15.137,0.000
1709216604.495,-32.715,-20.508,-20.508,-28.320,0.000
1709216604.499,-34.668,-21.484,-17.090,-32.715,0.000
1709216604.503,-34.668,-30.273,-19.531,-17.578,0.000
1709216604.507,-35.645,-31.250,-25.879,9.766,0.000
1709216604.511,-42.969,-27.832,-31.250,-10.254,0.000
1709216604.515,-48.340,-27.344,-32.227,-46.387,0.000
1709216604.519,-40.527,-25.879,-30.762,-42.969,0.000
1709216604.523,-31.250,-21.484,-27.832,-21.484,0.000
1709216604.527,-32.227,-25.879,-32.227,-12.695,0.000
1709216604.529,-31.250,-28.320,-31.738,-23.926,0.000
1709216604.533,-33.691,-27.832,-25.391,-33.203,0.000
1709216604.537,-35.156,-25.879,-26.855,-31.250,0.000
1709216604.541,-24.414,-23.438,-28.320,-26.367,0.000
1709216604.545,-16.113,-24.902,-29.297,-10.254,0.000
1709216604.549,-18.555,-17.090,-25.391,-3.418,0.000
1709216604.553,-33.691,-26.367,-32.715,-24.414,0.000
1709216604.557,-29.297,-34.668,-36.621,-38.086,0.000
1709216604.561,-19.531,-26.855,-31.250,-22.949,0.000
1709216604.565,-17.578,-21.973,-24.414,9.766,0.000
1709216604.568,-19.043,-16.602,-20.020,9.766,0.000
1709216604.572,-22.949,-16.602,-20.508,-14.648,0.000
